id,first_name,last_name,email,gender,Currency,job_tital
1,Edlin,Coleiro,ecoleiro0@independent.co.uk,Male,MAD,Senior Sales Associate
2,Imogen,Vedeniktov,ivedeniktov1@netvibes.com,Female,CNY,Recruiter
3,Shena,Swann,sswann2@auda.org.au,Female,JPY,Food Chemist
4,Ives,Runnacles,irunnacles3@senate.gov,Male,EUR,Human Resources Manager
5,Angie,Latey,alatey4@washingtonpost.com,Male,PHP,Physical Therapy Assistant
6,Mil,Bencher,mbencher5@gizmodo.com,Female,PLN,Administrative Assistant IV
7,Stefanie,Brellin,sbrellin6@noaa.gov,Female,BGN,Media Manager II
8,Selma,Spurrett,sspurrett7@buzzfeed.com,Female,TND,Legal Assistant
9,Bradford,Probbings,bprobbings8@bigcartel.com,Male,IDR,Tax Accountant
10,Jdavie,Skylett,jskylett9@nytimes.com,Male,EUR,Clinical Specialist
11,Ransom,Beevers,rbeeversa@youku.com,Male,XAF,Web Developer IV
12,Noe,Trehearne,ntrehearneb@elpais.com,Male,CNY,Accountant II
13,Godfree,Newsham,gnewshamc@mysql.com,Male,CNY,Environmental Tech
14,Eilis,Lantoph,elantophd@mediafire.com,Female,ARS,Tax Accountant
15,Jackie,Shory,jshorye@prweb.com,Male,THB,Assistant Professor
16,Theresina,Burthom,tburthomf@ted.com,Female,VEF,Web Developer I
17,Bobine,Breslau,bbreslaug@exblog.jp,Female,CNY,Research Assistant IV
18,Temp,Drust,tdrusth@accuweather.com,Male,SYP,Technical Writer
19,Drew,Jenny,djennyi@mac.com,Male,ILS,Analyst Programmer
20,Franchot,Challicombe,fchallicombej@amazonaws.com,Male,BAM,Payment Adjustment Coordinator
21,Paige,Andriveaux,pandriveauxk@nifty.com,Female,THB,Marketing Assistant
22,Maddie,Govinlock,mgovinlockl@posterous.com,Male,CLP,Editor
23,Elsey,Kendall,ekendallm@quantcast.com,Female,BRL,Speech Pathologist
24,Audrie,Arntzen,aarntzenn@ted.com,Female,PHP,Internal Auditor
25,Donovan,Ashbe,dashbeo@archive.org,Male,IDR,Paralegal
26,Conrado,Boyfield,cboyfieldp@hexun.com,Genderfluid,EUR,VP Sales
27,Ingelbert,Neillans,ineillansq@github.com,Male,THB,Senior Financial Analyst
28,Ellary,Murra,emurrar@elegantthemes.com,Male,EUR,Automation Specialist II
29,Karee,Kempton,kkemptons@merriam-webster.com,Female,RUB,Community Outreach Specialist
30,Egan,Bynold,ebynoldt@4shared.com,Male,EUR,Engineer II
31,Lindsy,McKerrow,lmckerrowu@usgs.gov,Bigender,PHP,VP Quality Control
32,Hendrick,Domesday,hdomesdayv@dagondesign.com,Male,CNY,Mechanical Systems Engineer
33,Dani,Mose,dmosew@canalblog.com,Female,IDR,Legal Assistant
34,Yule,McDunlevy,ymcdunlevyx@hubpages.com,Male,EUR,Geologist IV
35,Kev,Andreev,kandreevy@reddit.com,Male,PHP,Quality Control Specialist
36,Pia,Devonport,pdevonportz@themeforest.net,Female,RUB,Business Systems Development Analyst
37,Leopold,Fateley,lfateley10@github.com,Male,IDR,Account Coordinator
38,Ursala,Margett,umargett11@tinyurl.com,Female,CNY,VP Sales
39,Magdalen,Schout,mschout12@comcast.net,Female,CNY,Electrical Engineer
40,Kevina,Jeanel,kjeanel13@businessinsider.com,Female,BRL,Payment Adjustment Coordinator
41,Janela,Wield,jwield14@ustream.tv,Female,MKD,Administrative Assistant II
42,Joell,Willes,jwilles15@etsy.com,Female,CNY,Analog Circuit Design manager
43,Bayard,Summersett,bsummersett16@istockphoto.com,Male,CNY,Social Worker
44,Urbain,Older,uolder17@storify.com,Male,IDR,Data Coordinator
45,Hillie,Crux,hcrux18@typepad.com,Genderqueer,IRR,Internal Auditor
46,Idelle,Hedaux,ihedaux19@tinyurl.com,Female,BRL,Biostatistician III
47,Penrod,Woolf,pwoolf1a@about.com,Polygender,CNY,Assistant Professor
48,Trefor,Melloy,tmelloy1b@dot.gov,Male,CNY,Database Administrator I
49,Boycie,Lawlee,blawlee1c@naver.com,Agender,BYR,VP Product Management
50,Isacco,Revitt,irevitt1d@simplemachines.org,Male,BGN,Research Nurse
51,Albrecht,Howie,ahowie1e@freewebs.com,Bigender,ILS,Sales Associate
52,Wakefield,Grimoldby,wgrimoldby1f@google.de,Male,PEN,Account Representative IV
53,Maurine,Bruni,mbruni1g@netlog.com,Female,RSD,Senior Cost Accountant
54,Celina,Broseke,cbroseke1h@printfriendly.com,Female,MKD,Office Assistant III
55,Zolly,Sterland,zsterland1i@over-blog.com,Male,COP,Chief Design Engineer
56,Eldin,Feary,efeary1j@yelp.com,Male,EUR,Budget/Accounting Analyst II
57,Liva,Frackiewicz,lfrackiewicz1k@prlog.org,Female,RSD,Systems Administrator III
58,Igor,Franchyonok,ifranchyonok1l@usa.gov,Male,USD,Physical Therapy Assistant
59,Elwira,Champ,echamp1m@shinystat.com,Agender,RUB,Tax Accountant
60,Noah,Norvell,nnorvell1n@spiegel.de,Male,IDR,Product Engineer
61,Darcie,Dany,ddany1o@usatoday.com,Female,IDR,Chief Design Engineer
62,Sally,Starmont,sstarmont1p@illinois.edu,Female,IDR,VP Sales
63,Lelia,Rudyard,lrudyard1q@cloudflare.com,Female,CNY,Payment Adjustment Coordinator
64,Doralynn,Bazoche,dbazoche1r@npr.org,Female,CNY,Engineer II
65,Dniren,Laydel,dlaydel1s@nhs.uk,Polygender,CDF,VP Quality Control
66,Jehu,Tivolier,jtivolier1t@jimdo.com,Male,ALL,Operator
67,Morgen,Waadenburg,mwaadenburg1u@sciencedaily.com,Female,EUR,Professor
68,Bunnie,Leiden,bleiden1v@webnode.com,Female,PYG,Health Coach IV
69,Peter,Leppingwell,pleppingwell1w@xing.com,Male,UAH,Media Manager II
70,Josephina,Althorpe,jalthorpe1x@fastcompany.com,Female,CNY,Recruiter
71,Hercule,Ricards,hricards1y@slate.com,Male,ARS,Recruiting Manager
72,Baudoin,Gut,bgut1z@drupal.org,Male,IDR,Senior Quality Engineer
73,Mandie,Van Dale,mvandale20@statcounter.com,Female,AZN,Senior Editor
74,Fawn,Simonini,fsimonini21@t-online.de,Female,PEN,Graphic Designer
75,Federico,Buckmaster,fbuckmaster22@ehow.com,Male,MAD,Desktop Support Technician
76,Garold,Nobriga,gnobriga23@ebay.com,Male,CZK,Civil Engineer
77,Kippie,Bronger,kbronger24@vinaora.com,Female,JPY,Nurse
78,Tabina,Gislebert,tgislebert25@networkadvertising.org,Female,PEN,Analyst Programmer
79,Cleavland,Woodfield,cwoodfield26@senate.gov,Male,RUB,Budget/Accounting Analyst II
80,Fiorenze,Taylot,ftaylot27@ed.gov,Female,EUR,Media Manager IV
81,Rutter,Lawler,rlawler28@google.com.hk,Male,ILS,Senior Cost Accountant
82,Giuseppe,Flanner,gflanner29@ask.com,Male,BGN,Help Desk Technician
83,Dom,O'Hartnedy,dohartnedy2a@sciencedaily.com,Male,EUR,Systems Administrator II
84,Irv,Headech,iheadech2b@tmall.com,Male,XAF,Geologist II
85,Malchy,Feldstern,mfeldstern2c@google.com.br,Male,CNY,Developer II
86,Hillel,Loache,hloache2d@sitemeter.com,Male,ARS,Food Chemist
87,Fayre,Baraclough,fbaraclough2e@spotify.com,Female,COP,Human Resources Manager
88,Trstram,Redgate,tredgate2f@unblog.fr,Male,TZS,Research Associate
89,Osbourn,Eade,oeade2g@tuttocitta.it,Male,PLN,Senior Developer
90,Igor,Jurisch,ijurisch2h@answers.com,Male,CNY,Computer Systems Analyst IV
91,Heinrik,Burbage,hburbage2i@wsj.com,Genderfluid,RUB,Professor
92,Morgen,Chidzoy,mchidzoy2j@engadget.com,Male,USD,Business Systems Development Analyst
93,Aile,Wickes,awickes2k@tamu.edu,Female,MNT,Financial Advisor
94,Joshia,Kennard,jkennard2l@w3.org,Male,EUR,Research Nurse
95,Harrison,Josland,hjosland2m@netscape.com,Male,VND,Senior Developer
96,Quint,Phythien,qphythien2n@sfgate.com,Male,IDR,Analyst Programmer
97,Corbett,Lowdyane,clowdyane2o@forbes.com,Male,SAR,Research Nurse
98,Bail,Monnoyer,bmonnoyer2p@fastcompany.com,Male,ALL,Software Consultant
99,Conway,Maskill,cmaskill2q@weebly.com,Male,COP,Computer Systems Analyst IV
100,Ly,Bacher,lbacher2r@surveymonkey.com,Male,MKD,Assistant Professor
101,Brendin,Flucker,bflucker2s@wikispaces.com,Male,SEK,Teacher
102,Jen,Preddy,jpreddy2t@w3.org,Female,CNY,Programmer IV
103,Arney,Lackeye,alackeye2u@reverbnation.com,Male,CNY,Geologist IV
104,Bank,Gillice,bgillice2v@reddit.com,Male,RUB,Biostatistician I
105,Consuelo,Penhalewick,cpenhalewick2w@redcross.org,Female,USD,GIS Technical Architect
106,Cal,Eathorne,ceathorne2x@accuweather.com,Bigender,EUR,Assistant Manager
107,Auria,Cottu,acottu2y@hud.gov,Female,CNY,Analyst Programmer
108,Skipper,Poston,sposton2z@paginegialle.it,Male,CNY,Systems Administrator II
109,Armando,Franceschino,afranceschino30@eventbrite.com,Male,GNF,Help Desk Operator
110,Tawnya,Karlicek,tkarlicek31@gmpg.org,Female,IDR,Quality Engineer
111,Saw,Casswell,scasswell32@bloomberg.com,Genderqueer,IDR,Pharmacist
112,Dru,Cavozzi,dcavozzi33@nationalgeographic.com,Male,NGN,Editor
113,Lynett,Connew,lconnew34@biglobe.ne.jp,Female,BRL,Administrative Officer
114,Lonee,Bofield,lbofield35@vistaprint.com,Female,EUR,Geologist IV
115,Gelya,Lindenblatt,glindenblatt36@google.it,Female,IDR,Chemical Engineer
116,Nessa,Prestage,nprestage37@zdnet.com,Female,BRL,Paralegal
117,Margo,Lewington,mlewington38@google.fr,Female,CNY,Help Desk Technician
118,Manfred,Weatherell,mweatherell39@macromedia.com,Male,KPW,Cost Accountant
119,Sammie,Moyler,smoyler3a@youtube.com,Male,XPF,VP Accounting
120,La verne,Dowtry,ldowtry3b@guardian.co.uk,Female,IDR,Accountant I
121,Ulysses,Secombe,usecombe3c@bigcartel.com,Male,EUR,Structural Analysis Engineer
122,Penelope,Cowans,pcowans3d@microsoft.com,Female,AMD,Sales Associate
123,Myrtle,Drage,mdrage3e@edublogs.org,Female,PEN,Electrical Engineer
124,Weylin,Benninck,wbenninck3f@photobucket.com,Male,EUR,Operator
125,Athene,Stayte,astayte3g@hibu.com,Female,PEN,Account Representative II
126,Amby,Chessel,achessel3h@theglobeandmail.com,Male,EUR,Office Assistant I
127,Wes,Stovell,wstovell3i@cdc.gov,Genderfluid,AUD,Actuary
128,Chelsea,Coulman,ccoulman3j@indiegogo.com,Female,IDR,Account Representative IV
129,Dru,Olivie,dolivie3k@ucoz.ru,Male,PKR,Programmer Analyst I
130,Augy,MacCauley,amaccauley3l@ihg.com,Male,CAD,Software Consultant
131,Giffard,Melior,gmelior3m@sciencedaily.com,Male,XOF,Safety Technician IV
132,Ivonne,Norridge,inorridge3n@blogspot.com,Female,COP,Editor
133,Margareta,Bennitt,mbennitt3o@paypal.com,Female,CZK,Automation Specialist IV
134,Flint,Whitcher,fwhitcher3p@businessweek.com,Male,RUB,VP Product Management
135,Seymour,O'Carmody,socarmody3q@goo.ne.jp,Male,PKR,Business Systems Development Analyst
136,Gil,Miles,gmiles3r@china.com.cn,Male,EUR,Business Systems Development Analyst
137,Ambrosio,Bryce,abryce3s@google.co.uk,Male,BGN,VP Sales
138,Elijah,Roostan,eroostan3t@nature.com,Male,MAD,Professor
139,Rockie,Heindl,rheindl3u@cmu.edu,Male,PHP,Chemical Engineer
140,Nilson,De Carteret,ndecarteret3v@unc.edu,Male,PHP,Web Developer II
141,Tab,Kulver,tkulver3w@gov.uk,Male,JPY,Recruiter
142,Aubrey,Orto,aorto3x@amazon.co.uk,Male,PLN,Help Desk Operator
143,Lindon,Halliburton,lhalliburton3y@plala.or.jp,Male,PEN,Junior Executive
144,Betsey,Vail,bvail3z@acquirethisname.com,Agender,THB,Quality Engineer
145,Alard,Kubicka,akubicka40@cnbc.com,Male,PHP,Legal Assistant
146,Vergil,Mattacks,vmattacks41@census.gov,Male,RUB,Financial Analyst
147,Joline,Mottram,jmottram42@google.es,Agender,USD,Product Engineer
148,Remy,Minall,rminall43@google.com.au,Female,IDR,Clinical Specialist
149,Corette,Georgeou,cgeorgeou44@youtu.be,Female,CNY,Clinical Specialist
150,Eziechiele,Grund,egrund45@spotify.com,Polygender,CNY,Clinical Specialist
151,Terrell,Cottom,tcottom46@mozilla.org,Male,CNY,Research Associate
152,Sibeal,Bourtoumieux,sbourtoumieux47@hibu.com,Female,SEK,Quality Control Specialist
153,Gayelord,Midson,gmidson48@over-blog.com,Polygender,SAR,Account Representative III
154,Florella,Matuschek,fmatuschek49@va.gov,Female,RUB,Environmental Tech
155,Candide,Rushman,crushman4a@live.com,Genderqueer,CNY,Occupational Therapist
156,Blanca,Sanper,bsanper4b@about.me,Female,CAD,Quality Control Specialist
157,Idell,Hauxwell,ihauxwell4c@bing.com,Female,CZK,Sales Representative
158,Mitchael,Blakeway,mblakeway4d@omniture.com,Male,CNY,Staff Scientist
159,Alix,Morphey,amorphey4e@house.gov,Male,EUR,Financial Analyst
160,Kylynn,Pappin,kpappin4f@cnn.com,Female,CNY,Developer III
161,Fabien,Rearie,frearie4g@trellian.com,Male,THB,Legal Assistant
162,Harlin,Rounsivall,hrounsivall4h@mayoclinic.com,Male,CNY,Account Executive
163,Dex,Jonczyk,djonczyk4i@issuu.com,Male,RUB,Safety Technician I
164,Daven,Lashmar,dlashmar4j@auda.org.au,Male,IDR,Structural Analysis Engineer
165,Annabella,Marking,amarking4k@ucla.edu,Female,CNY,Teacher
166,Koo,Snape,ksnape4l@163.com,Female,PLN,Nuclear Power Engineer
167,Cathrin,Assante,cassante4m@gmpg.org,Female,PHP,Mechanical Systems Engineer
168,Delmor,Wohler,dwohler4n@mashable.com,Male,CNY,VP Marketing
169,Elizabeth,Rowth,erowth4o@addthis.com,Female,CNY,Professor
170,Nadiya,Reah,nreah4p@imgur.com,Female,CNY,Senior Cost Accountant
171,Rosemary,Gladtbach,rgladtbach4q@indiegogo.com,Female,CNY,Research Associate
172,Adham,Standley,astandley4r@ox.ac.uk,Polygender,MAD,Technical Writer
173,Hailee,Tremmil,htremmil4s@photobucket.com,Female,MNT,Chief Design Engineer
174,Inesita,Biswell,ibiswell4t@booking.com,Female,TND,Technical Writer
175,Ophelia,Kaine,okaine4u@mapy.cz,Female,BRL,Senior Quality Engineer
176,Brose,Jayne,bjayne4v@behance.net,Male,CNY,Data Coordinator
177,Dasha,Fillis,dfillis4w@mapquest.com,Female,PHP,Automation Specialist III
178,Joelly,Rolfi,jrolfi4x@prweb.com,Female,EUR,Staff Accountant IV
179,Ileane,Sandiland,isandiland4y@aboutads.info,Agender,XAF,Project Manager
180,Berenice,Peagrim,bpeagrim4z@1und1.de,Female,CAD,Director of Sales
181,Byran,Forber,bforber50@tumblr.com,Male,CNY,Developer II
182,Nollie,Sillis,nsillis51@pcworld.com,Female,NGN,Human Resources Manager
183,Ginnie,Cordero,gcordero52@theguardian.com,Female,XAF,Nuclear Power Engineer
184,Mufi,Birdsey,mbirdsey53@washingtonpost.com,Female,JPY,Pharmacist
185,Tony,Atling,tatling54@ihg.com,Male,EUR,Junior Executive
186,Stephannie,McCrae,smccrae55@shinystat.com,Female,CNY,Speech Pathologist
187,Tobye,Loder,tloder56@drupal.org,Agender,GBP,Payment Adjustment Coordinator
188,Ludwig,Wickett,lwickett57@buzzfeed.com,Male,BRL,Media Manager III
189,Birk,Imorts,bimorts58@ted.com,Male,IDR,Quality Engineer
190,Nikita,Haffard,nhaffard59@g.co,Male,EUR,Administrative Assistant II
191,Norine,Shotboult,nshotboult5a@marketwatch.com,Genderqueer,MGA,Payment Adjustment Coordinator
192,Luca,Gillum,lgillum5b@ft.com,Male,TJS,Staff Scientist
193,Simeon,Tribbeck,stribbeck5c@webmd.com,Male,PKR,Assistant Manager
194,Udall,Pengelly,upengelly5d@chicagotribune.com,Male,CNY,Internal Auditor
195,Solomon,Siggin,ssiggin5e@infoseek.co.jp,Male,SYP,Social Worker
196,Arnie,Mulvagh,amulvagh5f@arstechnica.com,Male,CNY,Tax Accountant
197,Josephina,Vasic,jvasic5g@bravesites.com,Female,CNY,Environmental Specialist
198,Em,Kryska,ekryska5h@bloglovin.com,Male,CNY,VP Product Management
199,Barb,Tompkin,btompkin5i@ted.com,Female,EUR,Nurse Practicioner
200,Sindee,Jacobsohn,sjacobsohn5j@tripod.com,Female,CNY,Safety Technician II
201,Abigael,Kitley,akitley5k@twitter.com,Female,IDR,Account Executive
202,Rufe,Domleo,rdomleo5l@google.it,Male,RUB,Associate Professor
203,Kerri,Batha,kbatha5m@nsw.gov.au,Female,MXN,Sales Associate
204,Amata,January 1st,ajanuaryst5n@google.it,Female,CNY,Software Engineer IV
205,Garnet,Yeowell,gyeowell5o@wikispaces.com,Female,JPY,Tax Accountant
206,Van,Island,visland5p@acquirethisname.com,Male,COP,Nuclear Power Engineer
207,Sheffield,Southon,ssouthon5q@oaic.gov.au,Male,BRL,Director of Sales
208,Kirsti,Crosthwaite,kcrosthwaite5r@sciencedirect.com,Female,CNY,Occupational Therapist
209,Giovanni,Edie,gedie5s@freewebs.com,Male,KRW,Research Associate
210,Enos,Comber,ecomber5t@nymag.com,Male,CNY,Engineer II
211,Yovonnda,Hadgraft,yhadgraft5u@dmoz.org,Female,UAH,Account Coordinator
212,Libbi,Erangey,lerangey5v@spiegel.de,Female,EUR,Project Manager
213,Nolana,Baswall,nbaswall5w@mapy.cz,Female,CNY,VP Accounting
214,Eyde,Florez,eflorez5x@webs.com,Female,IDR,Senior Editor
215,Hollis,Katz,hkatz5y@woothemes.com,Male,CNY,Account Executive
216,Butch,Vinau,bvinau5z@dell.com,Male,CNY,Staff Scientist
217,Magdalena,Domenichelli,mdomenichelli60@booking.com,Female,EUR,Operator
218,Celestyn,Winskill,cwinskill61@ucoz.com,Female,CZK,Sales Representative
219,Vina,Kerfut,vkerfut62@goo.gl,Bigender,TND,VP Product Management
220,Vi,Jakoubek,vjakoubek63@mit.edu,Female,MDL,Speech Pathologist
221,Thatch,Pettman,tpettman64@cocolog-nifty.com,Male,BYR,Human Resources Manager
222,Milissent,Dunsire,mdunsire65@t-online.de,Female,CNY,Physical Therapy Assistant
223,Wilmar,Ibeson,wibeson66@hp.com,Male,BRL,Editor
224,Johnathan,Vassano,jvassano67@dell.com,Male,ARS,Registered Nurse
225,Arturo,Reagan,areagan68@woothemes.com,Male,MDL,Junior Executive
226,Valdemar,Dyter,vdyter69@europa.eu,Genderfluid,PLN,Marketing Manager
227,Ransell,Farn,rfarn6a@constantcontact.com,Male,IDR,Clinical Specialist
228,Hillery,Coffin,hcoffin6b@go.com,Male,KGS,Geologist II
229,Myra,Keford,mkeford6c@nytimes.com,Female,EUR,Design Engineer
230,Eb,Brisson,ebrisson6d@reuters.com,Male,EUR,Marketing Assistant
231,Olivero,Fearnall,ofearnall6e@aboutads.info,Male,ZMW,Human Resources Manager
232,Aldric,Beattie,abeattie6f@github.com,Male,EUR,Financial Analyst
233,Laure,Peirazzi,lpeirazzi6g@ocn.ne.jp,Female,CNY,Occupational Therapist
234,Laird,Sillito,lsillito6h@github.io,Male,BRL,General Manager
235,Thornie,Rolles,trolles6i@google.com,Male,CAD,GIS Technical Architect
236,Rees,Kinsell,rkinsell6j@mysql.com,Male,CNY,Chief Design Engineer
237,Marleah,O' Sullivan,mosullivan6k@drupal.org,Female,DOP,Recruiting Manager
238,Karalynn,Yashanov,kyashanov6l@cargocollective.com,Female,BRL,Environmental Tech
239,Tiena,Kennaway,tkennaway6m@cnet.com,Female,XOF,Dental Hygienist
240,Edwina,O'Henery,eohenery6n@addtoany.com,Female,PLN,Data Coordinator
241,Alaric,Collingwood,acollingwood6o@nhs.uk,Male,CZK,Occupational Therapist
242,Jillie,Boffey,jboffey6p@opera.com,Female,EUR,Payment Adjustment Coordinator
243,Carey,Chenery,cchenery6q@dell.com,Female,EUR,Editor
244,Lindy,Turbefield,lturbefield6r@about.com,Male,COP,Technical Writer
245,Cybil,Kernocke,ckernocke6s@redcross.org,Female,KWD,Help Desk Technician
246,Hart,Sayce,hsayce6t@storify.com,Male,CNY,Teacher
247,Alaric,Fellgett,afellgett6u@posterous.com,Male,VEF,Structural Analysis Engineer
248,Jacobo,Park,jpark6v@cyberchimps.com,Male,BRL,Physical Therapy Assistant
249,Isak,Sadgrove,isadgrove6w@ucoz.com,Male,IRR,Analog Circuit Design manager
250,Oliy,Chell,ochell6x@smugmug.com,Female,SEK,Internal Auditor
251,Allegra,Woodroff,awoodroff6y@nyu.edu,Genderfluid,TJS,Staff Accountant II
252,Kort,Ruspine,kruspine6z@bloglines.com,Male,MXN,Information Systems Manager
253,Stanislas,Luto,sluto70@sina.com.cn,Male,PHP,Pharmacist
254,Frasquito,Bicknell,fbicknell71@nasa.gov,Male,COP,Nuclear Power Engineer
255,Briano,Canto,bcanto72@fastcompany.com,Male,KZT,Environmental Tech
256,Misty,Brickner,mbrickner73@barnesandnoble.com,Female,SYP,Executive Secretary
257,Jewell,Rapinett,jrapinett74@sbwire.com,Female,PHP,General Manager
258,Phil,Bawden,pbawden75@accuweather.com,Male,XOF,Biostatistician II
259,Hugues,Dorricott,hdorricott76@cisco.com,Male,AMD,Computer Systems Analyst IV
260,Stefano,Gifford,sgifford77@spotify.com,Male,CUP,Speech Pathologist
261,Reynard,Yackiminie,ryackiminie78@xrea.com,Male,CNY,Dental Hygienist
262,Winn,Fauguel,wfauguel79@blogger.com,Male,CNY,Web Developer I
263,Dorene,Scorrer,dscorrer7a@hubpages.com,Female,CZK,Social Worker
264,Artemas,Hawgood,ahawgood7b@hibu.com,Male,HNL,Technical Writer
265,Emmott,Dye,edye7c@goo.gl,Male,IDR,Account Executive
266,Kelcie,Spray,kspray7d@unicef.org,Female,IDR,Junior Executive
267,Sammy,Wiggin,swiggin7e@yahoo.co.jp,Male,NOK,Help Desk Operator
268,Travus,Dobrovsky,tdobrovsky7f@acquirethisname.com,Male,IDR,Automation Specialist III
269,Lesly,Paske,lpaske7g@google.it,Female,IDR,VP Marketing
270,Gaspard,Credland,gcredland7h@spiegel.de,Male,VND,Research Assistant III
271,Devan,Dunphie,ddunphie7i@shutterfly.com,Female,EUR,Systems Administrator IV
272,Townie,D'Ambrosi,tdambrosi7j@usnews.com,Male,CAD,Compensation Analyst
273,Vinson,Compston,vcompston7k@lycos.com,Male,TMT,Engineer II
274,Morie,Shaul,mshaul7l@discuz.net,Male,JPY,Administrative Assistant II
275,Cissiee,Edlyne,cedlyne7m@yellowbook.com,Female,LBP,Web Designer III
276,Nevins,M'Quharge,nmquharge7n@bbb.org,Male,BDT,Editor
277,Yvonne,Streader,ystreader7o@1688.com,Female,EUR,Accountant III
278,Elyn,Lamble,elamble7p@youtube.com,Female,RSD,Payment Adjustment Coordinator
279,Amye,Percifull,apercifull7q@wix.com,Female,IDR,Financial Analyst
280,Rhea,Morin,rmorin7r@posterous.com,Female,DOP,Programmer Analyst I
281,Karol,Mc Queen,kmcqueen7s@ft.com,Female,IQD,Research Associate
282,Teresina,Bellon,tbellon7t@godaddy.com,Female,RUB,Research Nurse
283,Sydney,Jakubski,sjakubski7u@usa.gov,Male,ZAR,Chief Design Engineer
284,Cesaro,Tippin,ctippin7v@sun.com,Male,CNY,Budget/Accounting Analyst III
285,Betteanne,McSkin,bmcskin7w@intel.com,Female,PAB,Media Manager III
286,Bevan,Ewin,bewin7x@nyu.edu,Male,BRL,Chief Design Engineer
287,Tim,Serrier,tserrier7y@usa.gov,Female,THB,Geologist II
288,Desirae,Johnston,djohnston7z@jigsy.com,Female,PLN,Graphic Designer
289,Perry,Feitosa,pfeitosa80@github.com,Female,EUR,Help Desk Operator
290,Robbert,Bland,rbland81@economist.com,Male,AFN,Staff Scientist
291,Teador,Brinklow,tbrinklow82@jiathis.com,Male,EUR,Clinical Specialist
292,Tabb,Fonte,tfonte83@deviantart.com,Male,EUR,Associate Professor
293,Morty,Matuszewski,mmatuszewski84@tumblr.com,Male,CNY,Account Executive
294,Oates,Peealess,opeealess85@businessinsider.com,Male,IDR,Senior Developer
295,Garvy,Pinckard,gpinckard86@washingtonpost.com,Male,USD,Sales Associate
296,Devlin,Skill,dskill87@comcast.net,Male,EUR,Editor
297,Dougy,Titman,dtitman88@statcounter.com,Male,CNY,Recruiting Manager
298,Reinold,Attarge,rattarge89@youtu.be,Male,DOP,Media Manager III
299,Gabbie,Speke,gspeke8a@networksolutions.com,Genderfluid,BRL,Tax Accountant
300,Kamillah,Keirl,kkeirl8b@state.gov,Female,BRL,Programmer Analyst I
301,Shaine,Kellard,skellard8c@sciencedaily.com,Bigender,IDR,Quality Engineer
302,Pebrook,Hurle,phurle8d@blogspot.com,Male,KWD,Engineer II
303,Florenza,Tomasutti,ftomasutti8e@yellowbook.com,Female,RUB,Operator
304,Maddy,Mityushkin,mmityushkin8f@gov.uk,Female,PHP,Engineer IV
305,Ezri,Seabridge,eseabridge8g@nbcnews.com,Male,JPY,Safety Technician III
306,Camey,Moncur,cmoncur8h@cnbc.com,Male,GTQ,Technical Writer
307,Enrika,Kaes,ekaes8i@pen.io,Female,COP,Senior Sales Associate
308,Brenden,Spratley,bspratley8j@ustream.tv,Bigender,SEK,Database Administrator I
309,Collen,Leggan,cleggan8k@qq.com,Female,BRL,Help Desk Operator
310,Auberon,Shanklin,ashanklin8l@storify.com,Male,PHP,Product Engineer
311,Margy,Rosenstein,mrosenstein8m@yellowpages.com,Female,CNY,Developer III
312,Wernher,Jerrim,wjerrim8n@telegraph.co.uk,Male,IQD,Nurse Practicioner
313,Pet,Reignard,preignard8o@youku.com,Female,NIO,Research Nurse
314,Patrizio,Inchcomb,pinchcomb8p@jigsy.com,Male,CNY,Financial Advisor
315,Doralin,Eldredge,deldredge8q@china.com.cn,Female,IDR,Chemical Engineer
316,Farah,Gonning,fgonning8r@ning.com,Female,AFN,Technical Writer
317,Lin,Reinert,lreinert8s@intel.com,Female,CNY,VP Accounting
318,Ashil,Tompkiss,atompkiss8t@vk.com,Female,RUB,Civil Engineer
319,Candi,Edscer,cedscer8u@accuweather.com,Female,PEN,Assistant Manager
320,Sarah,Hatliffe,shatliffe8v@dropbox.com,Female,NGN,Design Engineer
321,Rawley,MacGillivrie,rmacgillivrie8w@g.co,Male,IDR,Media Manager IV
322,Rolfe,Aspray,raspray8x@noaa.gov,Male,PLN,Financial Analyst
323,Susy,Woodvine,swoodvine8y@i2i.jp,Female,PLN,Technical Writer
324,Wynny,Samwyse,wsamwyse8z@squarespace.com,Female,UAH,Executive Secretary
325,Margalo,Libbe,mlibbe90@epa.gov,Non-binary,COP,Marketing Manager
326,Sayer,Gurys,sgurys91@mail.ru,Male,EUR,Staff Accountant I
327,Amber,Trevains,atrevains92@ftc.gov,Female,PKR,Executive Secretary
328,Robinett,Luxmoore,rluxmoore93@miitbeian.gov.cn,Female,IDR,Software Test Engineer IV
329,Becka,Albro,balbro94@bizjournals.com,Female,SYP,Editor
330,Dillie,Ovid,dovid95@ocn.ne.jp,Male,MXN,Web Developer II
331,Desiree,Rego,drego96@va.gov,Female,UAH,Biostatistician I
332,Man,Brunelli,mbrunelli97@nydailynews.com,Polygender,CNY,Engineer IV
333,Joshuah,Farfull,jfarfull98@angelfire.com,Male,CNY,Developer II
334,Oralie,Syfax,osyfax99@symantec.com,Female,RUB,Programmer I
335,Micaela,Tribe,mtribe9a@jugem.jp,Female,CAD,Research Nurse
336,Bree,Clementucci,bclementucci9b@bloomberg.com,Female,CNY,Systems Administrator I
337,Marcello,Getley,mgetley9c@tinyurl.com,Male,RUB,Biostatistician IV
338,Theodora,Connors,tconnors9d@engadget.com,Female,IDR,Software Test Engineer I
339,Budd,Fleischmann,bfleischmann9e@dropbox.com,Male,NGN,Quality Engineer
340,Vania,Bulfoot,vbulfoot9f@people.com.cn,Female,THB,Nurse Practicioner
341,Meier,Tamburi,mtamburi9g@unblog.fr,Male,CNY,Electrical Engineer
342,Norean,Warstall,nwarstall9h@google.ru,Polygender,DKK,Executive Secretary
343,Tobe,Charlon,tcharlon9i@diigo.com,Male,RUB,Account Coordinator
344,Horatius,Geerdts,hgeerdts9j@epa.gov,Male,UAH,Account Representative I
345,Donielle,Aymes,daymes9k@dell.com,Female,USD,Librarian
346,Boonie,Mapson,bmapson9l@gnu.org,Male,IDR,Assistant Media Planner
347,Marius,Kitter,mkitter9m@soup.io,Male,PLN,Systems Administrator IV
348,Mikaela,Abade,mabade9n@cnet.com,Female,EUR,Associate Professor
349,Callida,Gaywood,cgaywood9o@usgs.gov,Female,XOF,Programmer Analyst II
350,Alvin,Klamman,aklamman9p@chronoengine.com,Male,CNY,Legal Assistant
351,Candy,Yorkston,cyorkston9q@sourceforge.net,Female,MNT,Systems Administrator IV
352,Nealy,Merrilees,nmerrilees9r@redcross.org,Male,ILS,VP Sales
353,Jeniffer,Mandifield,jmandifield9s@csmonitor.com,Female,PAB,Social Worker
354,Huey,Madge,hmadge9t@oracle.com,Male,CNY,Database Administrator III
355,Cathlene,Hourihan,chourihan9u@whitehouse.gov,Female,EUR,Senior Sales Associate
356,Noni,Hoyte,nhoyte9v@paypal.com,Female,BRL,Social Worker
357,Tanitansy,Fountian,tfountian9w@vinaora.com,Female,CNY,Assistant Manager
358,Verene,Punton,vpunton9x@princeton.edu,Female,IDR,Assistant Manager
359,Cinda,Lewer,clewer9y@imageshack.us,Female,THB,Business Systems Development Analyst
360,Joya,Byles,jbyles9z@home.pl,Female,IQD,Web Designer I
361,Gard,Houndesome,ghoundesomea0@icio.us,Male,IDR,Nurse Practicioner
362,Emmery,Breitler,ebreitlera1@theatlantic.com,Male,SYP,Chemical Engineer
363,Branden,Glide,bglidea2@behance.net,Bigender,RUB,Teacher
364,Estel,Heatlie,eheatliea3@cisco.com,Female,EUR,Structural Analysis Engineer
365,Thomas,Yockley,tyockleya4@over-blog.com,Male,PEN,Web Developer I
366,Faythe,Mercy,fmercya5@cnbc.com,Female,CNY,Systems Administrator III
367,Nichols,Flooks,nflooksa6@scribd.com,Bigender,JPY,Senior Developer
368,Josefina,Bratch,jbratcha7@homestead.com,Bigender,IDR,Electrical Engineer
369,Myra,Lonergan,mlonergana8@google.com,Polygender,VEF,Nurse Practicioner
370,Jasmine,Harrill,jharrilla9@japanpost.jp,Female,PHP,Chief Design Engineer
371,Fredrick,Truter,ftruteraa@usa.gov,Male,PHP,Paralegal
372,Regen,Smitheram,rsmitheramab@wisc.edu,Male,NZD,Biostatistician II
373,Eliot,Hargitt,ehargittac@cbsnews.com,Male,CNY,Health Coach I
374,Mignon,Penrice,mpenricead@yellowbook.com,Bigender,ARS,Desktop Support Technician
375,Annabella,Kissick,akissickae@tmall.com,Female,PHP,Environmental Tech
376,Wash,MacGahey,wmacgaheyaf@sciencedirect.com,Male,BRL,Legal Assistant
377,Tilly,Gaine of England,tgaineofenglandag@seattletimes.com,Female,USD,Geological Engineer
378,Putnem,Guittet,pguittetah@google.pl,Male,CNY,Marketing Assistant
379,Neddy,Noads,nnoadsai@irs.gov,Male,BRL,Professor
380,Kerk,O'Rowane,korowaneaj@webmd.com,Male,CNY,General Manager
381,Hettie,Kordt,hkordtak@wired.com,Female,RUB,Financial Advisor
382,Teodorico,McElvine,tmcelvineal@state.tx.us,Male,ARS,VP Accounting
383,Tammie,Labusquiere,tlabusquieream@amazon.com,Female,CNY,Project Manager
384,Rosaleen,Bisacre,rbisacrean@cnet.com,Female,IDR,Civil Engineer
385,Egbert,Lowes,elowesao@stanford.edu,Male,MGA,Pharmacist
386,Alexine,Nield,anieldap@ameblo.jp,Female,HNL,Computer Systems Analyst IV
387,Jemmy,Cuttle,jcuttleaq@lulu.com,Female,CNY,Accounting Assistant II
388,Giacinta,McGlaughn,gmcglaughnar@1688.com,Polygender,AFN,Budget/Accounting Analyst III
389,Orson,Origan,ooriganas@skype.com,Male,MKD,Quality Control Specialist
390,Breena,Kidney,bkidneyat@theguardian.com,Female,USD,Engineer IV
391,Laurena,Craigmile,lcraigmileau@digg.com,Female,EUR,Clinical Specialist
392,Immanuel,Coneau,iconeauav@constantcontact.com,Male,ZAR,Quality Engineer
393,Meredith,Giovanazzi,mgiovanazziaw@jigsy.com,Male,CNY,Operator
394,Ethelred,Ivamy,eivamyax@exblog.jp,Male,CZK,VP Sales
395,Jed,Ramplee,jrampleeay@free.fr,Male,LKR,Account Executive
396,Betsey,Scoone,bscooneaz@smugmug.com,Female,CZK,Actuary
397,Neala,Hume,nhumeb0@slideshare.net,Genderqueer,BOB,Legal Assistant
398,Minor,Shapiro,mshapirob1@illinois.edu,Male,RUB,Operator
399,Eunice,Alfonsetti,ealfonsettib2@reuters.com,Female,NGN,Professor
400,Grover,Dyzart,gdyzartb3@mozilla.org,Male,CZK,Speech Pathologist
401,Hamlin,Vedmore,hvedmoreb4@stanford.edu,Male,CNY,Operator
402,Carroll,Mort,cmortb5@java.com,Female,ZAR,Marketing Manager
403,Linc,Feaster,lfeasterb6@bloglines.com,Male,THB,Teacher
404,Winthrop,Wildman,wwildmanb7@symantec.com,Male,EUR,Recruiting Manager
405,Beilul,Vise,bviseb8@google.ru,Female,PHP,Legal Assistant
406,Muire,Millsom,mmillsomb9@rediff.com,Female,PLN,Accounting Assistant III
407,Kristofer,Valiant,kvaliantba@blog.com,Male,PHP,Assistant Manager
408,Rodie,Timlin,rtimlinbb@issuu.com,Female,IDR,Physical Therapy Assistant
409,Maia,Noyes,mnoyesbc@dedecms.com,Female,PLN,Professor
410,Jemmie,McDell,jmcdellbd@comcast.net,Female,VEF,Accountant IV
411,Orin,Suche,osuchebe@odnoklassniki.ru,Genderqueer,NOK,Civil Engineer
412,Britta,Ickowics,bickowicsbf@yale.edu,Female,MMK,General Manager
413,Johnette,Voas,jvoasbg@noaa.gov,Female,CNY,Marketing Assistant
414,Ayn,Gillard,agillardbh@friendfeed.com,Female,AFN,Electrical Engineer
415,Tedra,Muncer,tmuncerbi@washingtonpost.com,Female,EUR,Professor
416,Nollie,Le Barre,nlebarrebj@google.ca,Male,KZT,Account Executive
417,Linda,Russe,lrussebk@ning.com,Female,PHP,Compensation Analyst
418,Kalina,Esch,keschbl@howstuffworks.com,Female,COP,Biostatistician III
419,Nonnah,Froom,nfroombm@comcast.net,Genderfluid,CNY,Electrical Engineer
420,Humberto,Danne,hdannebn@umich.edu,Male,PGK,Geologist II
421,Ebonee,Churchill,echurchillbo@newsvine.com,Female,PLN,Sales Associate
422,Agnes,Flello,aflellobp@cisco.com,Female,NGN,Senior Editor
423,Willis,Blakebrough,wblakebroughbq@springer.com,Bigender,ZAR,Database Administrator IV
424,Jozef,Crookall,jcrookallbr@delicious.com,Male,IDR,Professor
425,Cassandry,Squibbes,csquibbesbs@zdnet.com,Female,PHP,Computer Systems Analyst II
426,Tobiah,Duly,tdulybt@163.com,Male,MXN,Internal Auditor
427,Nicky,Taunton,ntauntonbu@ed.gov,Female,PHP,Junior Executive
428,Tiffani,Grissett,tgrissettbv@slate.com,Female,IDR,Technical Writer
429,Bunnie,Baraclough,bbaracloughbw@amazon.de,Female,CNY,Graphic Designer
430,Aubert,Caramuscia,acaramusciabx@youtube.com,Male,EUR,Senior Editor
431,Adoree,Cadman,acadmanby@telegraph.co.uk,Female,UAH,Help Desk Operator
432,Garry,Cummings,gcummingsbz@prlog.org,Male,BRL,Developer II
433,Daveen,Bollands,dbollandsc0@columbia.edu,Female,MWK,Director of Sales
434,Charleen,Chadwen,cchadwenc1@bigcartel.com,Female,EUR,Recruiting Manager
435,Willette,Trickey,wtrickeyc2@cmu.edu,Female,AZN,Account Executive
436,Wilbert,Studdal,wstuddalc3@marriott.com,Male,RUB,Budget/Accounting Analyst IV
437,Mavra,Shropsheir,mshropsheirc4@123-reg.co.uk,Female,PHP,Web Designer I
438,Glad,Goathrop,ggoathropc5@tamu.edu,Genderfluid,BAM,Structural Analysis Engineer
439,Aldrich,Brummitt,abrummittc6@usnews.com,Male,EUR,Sales Associate
440,Rubi,Danelutti,rdaneluttic7@gov.uk,Female,USD,Web Developer IV
441,Abbey,Surpliss,asurplissc8@auda.org.au,Male,PAB,Assistant Professor
442,Damara,Draycott,ddraycottc9@livejournal.com,Female,SEK,Internal Auditor
443,Levi,Jerman,ljermanca@tinyurl.com,Male,BRL,Accounting Assistant I
444,Mignonne,MacMeanma,mmacmeanmacb@tripadvisor.com,Female,IDR,Software Engineer I
445,Bern,Duligal,bduligalcc@paginegialle.it,Male,KZT,VP Sales
446,Ewen,Trencher,etrenchercd@washingtonpost.com,Male,CNY,Teacher
447,Colly,Tiddeman,ctiddemance@apache.org,Female,PHP,Marketing Manager
448,Batholomew,Quinnelly,bquinnellycf@ameblo.jp,Male,IDR,Marketing Assistant
449,Jerrold,Tiery,jtierycg@printfriendly.com,Male,EUR,Editor
450,Morton,Girardet,mgirardetch@reuters.com,Male,AUD,Analog Circuit Design manager
451,Ivor,Trubshaw,itrubshawci@jalbum.net,Male,GTQ,Systems Administrator III
452,Trisha,McKeney,tmckeneycj@google.de,Female,CNY,Staff Accountant IV
453,Scot,Jiroudek,sjiroudekck@youtube.com,Male,PLN,Librarian
454,Skye,Melling,smellingcl@xing.com,Male,VND,Assistant Manager
455,Tate,Raffon,traffoncm@a8.net,Female,ARS,Mechanical Systems Engineer
456,Rosemaria,Oliphand,roliphandcn@springer.com,Female,IDR,Programmer II
457,Isaak,Stanistreet,istanistreetco@rediff.com,Male,CNY,Assistant Professor
458,Sonnnie,Carpe,scarpecp@ed.gov,Female,CAD,Internal Auditor
459,Casandra,Plinck,cplinckcq@csmonitor.com,Agender,IDR,Product Engineer
460,Jodi,Brownsell,jbrownsellcr@blogs.com,Male,ETB,Programmer I
461,Lynnea,Neggrini,lneggrinics@sogou.com,Female,USD,General Manager
462,Alasdair,Gres,agresct@nbcnews.com,Male,HNL,Graphic Designer
463,Tiffi,Exelby,texelbycu@lycos.com,Female,JPY,Geological Engineer
464,Shurwood,Southwood,ssouthwoodcv@e-recht24.de,Male,PLN,Internal Auditor
465,Smith,Clarage,sclaragecw@indiegogo.com,Male,BRL,Dental Hygienist
466,Casie,Joss,cjosscx@stanford.edu,Female,PHP,Recruiter
467,Roddie,Jepperson,rjeppersoncy@cafepress.com,Male,IDR,Legal Assistant
468,Lilly,Bachs,lbachscz@netvibes.com,Non-binary,XAF,Mechanical Systems Engineer
469,Basil,Pilling,bpillingd0@meetup.com,Male,CNY,Dental Hygienist
470,Annelise,Kilfoyle,akilfoyled1@list-manage.com,Female,BRL,Financial Advisor
471,Anna,Ledram,aledramd2@blog.com,Female,PLN,Staff Scientist
472,Emmanuel,Brand,ebrandd3@archive.org,Male,PEN,Engineer IV
473,Riordan,Sille,rsilled4@homestead.com,Male,CNY,Software Engineer I
474,Antonin,Varty,avartyd5@creativecommons.org,Male,IDR,Administrative Assistant I
475,Tammie,Brabon,tbrabond6@list-manage.com,Male,ARS,Senior Sales Associate
476,Nicolas,Lesaunier,nlesaunierd7@uol.com.br,Male,EUR,Project Manager
477,Dionysus,Tomaszewski,dtomaszewskid8@4shared.com,Male,BRL,Paralegal
478,Antonia,Huyhton,ahuyhtond9@sciencedaily.com,Female,CNY,Recruiting Manager
479,Fabien,Hart,fhartda@omniture.com,Male,CNY,Web Developer IV
480,Wilow,Haggish,whaggishdb@nih.gov,Female,MKD,Structural Analysis Engineer
481,Dewey,Sollime,dsollimedc@xrea.com,Male,PHP,Accountant II
482,Galvin,Lownsbrough,glownsbroughdd@mlb.com,Male,USD,Biostatistician II
483,Jacklin,de'-Ancy Willis,jdeancywillisde@mapquest.com,Female,XAF,Design Engineer
484,Eilis,Graddell,egraddelldf@bloglines.com,Female,SEK,Junior Executive
485,Boothe,Brear,bbreardg@hud.gov,Male,EUR,Marketing Assistant
486,Phaidra,Roycroft,proycroftdh@psu.edu,Female,CNY,Automation Specialist III
487,Feliza,Kohnen,fkohnendi@xing.com,Female,EUR,Internal Auditor
488,Van,Cicchelli,vcicchellidj@networksolutions.com,Female,MDL,Help Desk Operator
489,Barn,Derell,bderelldk@loc.gov,Male,UZS,Help Desk Operator
490,Janey,Brabbs,jbrabbsdl@youku.com,Female,PLN,Data Coordinator
491,Dora,Pasfield,dpasfielddm@harvard.edu,Female,CAD,Environmental Tech
492,Lauritz,Emtage,lemtagedn@smh.com.au,Male,CNY,Compensation Analyst
493,Dyane,Kirsz,dkirszdo@oaic.gov.au,Female,IDR,VP Sales
494,Melvin,Crossdale,mcrossdaledp@sun.com,Polygender,UGX,Desktop Support Technician
495,Amelie,Girardoni,agirardonidq@canalblog.com,Female,CNY,Database Administrator III
496,Violet,Jovey,vjoveydr@google.es,Agender,AFN,Business Systems Development Analyst
497,Randie,Stennings,rstenningsds@loc.gov,Male,CNY,Junior Executive
498,Sutton,Jallin,sjallindt@topsy.com,Male,UAH,Occupational Therapist
499,Malvin,Tolliday,mtollidaydu@rediff.com,Male,EUR,Systems Administrator I
500,Lynsey,Corbitt,lcorbittdv@latimes.com,Female,PHP,Senior Cost Accountant
501,Helen-elizabeth,Filyakov,hfilyakovdw@forbes.com,Female,GEL,Speech Pathologist
502,Meggi,Pinckney,mpinckneydx@hatena.ne.jp,Female,LKR,Graphic Designer
503,Kathryne,Bangiard,kbangiarddy@weibo.com,Female,EUR,Software Consultant
504,Averill,Malone,amalonedz@columbia.edu,Male,ZWL,Accountant I
505,Othilia,Fidelus,ofideluse0@sciencedirect.com,Genderqueer,ARS,Senior Developer
506,Benita,McMylor,bmcmylore1@barnesandnoble.com,Female,BRL,Media Manager I
507,Fionnula,Ayars,fayarse2@theglobeandmail.com,Genderfluid,JPY,Statistician II
508,Husain,De Cruce,hdecrucee3@mac.com,Male,EUR,Senior Sales Associate
509,Daisi,Chaffer,dchaffere4@house.gov,Female,BRL,Tax Accountant
510,Del,Dimanche,ddimanchee5@theglobeandmail.com,Genderfluid,CNY,Clinical Specialist
511,Port,Farey,pfareye6@statcounter.com,Male,PLN,Account Representative II
512,Isabelle,Shory,ishorye7@hugedomains.com,Female,RUB,Librarian
513,Cicely,O'Cosgra,cocosgrae8@1und1.de,Female,USD,Account Representative III
514,Larry,McMurrugh,lmcmurrughe9@accuweather.com,Male,CNY,Food Chemist
515,Billie,Gregorio,bgregorioea@baidu.com,Male,SEK,Senior Editor
516,Hall,Ellens,hellenseb@w3.org,Male,BRL,VP Marketing
517,Hobie,Mifflin,hmifflinec@msu.edu,Male,IDR,Statistician II
518,Jase,Dewdeny,jdewdenyed@yandex.ru,Male,UAH,Database Administrator IV
519,Mellicent,Alderton,maldertonee@shop-pro.jp,Female,IDR,Registered Nurse
520,Dena,Brockley,dbrockleyef@mlb.com,Female,PLN,Geological Engineer
521,Broderick,Shere,bshereeg@tiny.cc,Male,EUR,Nuclear Power Engineer
522,Nonie,Jacobowits,njacobowitseh@usda.gov,Genderfluid,PHP,Information Systems Manager
523,Cullen,Genike,cgenikeei@thetimes.co.uk,Male,RUB,Systems Administrator IV
524,Boone,Revely,brevelyej@ameblo.jp,Male,PHP,Internal Auditor
525,Trip,Spore,tsporeek@freewebs.com,Male,RUB,Marketing Assistant
526,Dannie,Philipet,dphilipetel@craigslist.org,Male,COP,Electrical Engineer
527,Gwendolen,Arnaldo,garnaldoem@cbc.ca,Agender,THB,Associate Professor
528,Inga,Sheivels,isheivelsen@yahoo.co.jp,Female,ARS,Assistant Manager
529,Antonio,Golthorpp,agolthorppeo@businesswire.com,Male,IDR,Paralegal
530,Oralle,Wane,owaneep@vkontakte.ru,Female,PHP,Compensation Analyst
531,Raynor,Royds,rroydseq@bing.com,Male,RSD,Assistant Manager
532,Benson,Allom,ballomer@bluehost.com,Male,VND,Statistician III
533,Doralynn,Amoss,damosses@weather.com,Female,PHP,Web Designer I
534,Nichol,Polo,npoloet@wikipedia.org,Female,PHP,Structural Engineer
535,Mireielle,Robathon,mrobathoneu@networksolutions.com,Female,PLN,Information Systems Manager
536,Lenette,Corrin,lcorrinev@plala.or.jp,Female,PHP,Geological Engineer
537,Tatum,Wreight,twreightew@goo.gl,Female,EUR,Business Systems Development Analyst
538,Kain,Flood,kfloodex@bbc.co.uk,Male,PEN,Legal Assistant
539,Penrod,Halsworth,phalsworthey@ucoz.ru,Male,ZAR,Senior Developer
540,Arty,Ashurst,aashurstez@shinystat.com,Male,THB,Electrical Engineer
541,Mareah,Ellett,mellettf0@unesco.org,Female,EUR,Systems Administrator III
542,Karry,Annion,kannionf1@google.nl,Bigender,EUR,GIS Technical Architect
543,Nicol,Drynan,ndrynanf2@globo.com,Male,IDR,Social Worker
544,Min,Dring,mdringf3@ucla.edu,Female,EUR,Financial Advisor
545,Marmaduke,Kerner,mkernerf4@springer.com,Male,EUR,Nuclear Power Engineer
546,Svend,Suff,ssufff5@topsy.com,Male,MXN,Senior Editor
547,Pat,Barttrum,pbarttrumf6@vistaprint.com,Female,USD,Graphic Designer
548,Terrill,Dargavel,tdargavelf7@oracle.com,Male,CNY,Software Consultant
549,Nissa,Ector,nectorf8@columbia.edu,Female,IDR,Paralegal
550,Eal,Marquot,emarquotf9@admin.ch,Male,PLN,Staff Accountant IV
551,Kinnie,Broy,kbroyfa@slashdot.org,Male,BRL,GIS Technical Architect
552,Staford,Dineen,sdineenfb@biglobe.ne.jp,Male,CNY,Staff Accountant IV
553,Letty,Algore,lalgorefc@ihg.com,Female,CNY,Nurse Practicioner
554,Pippo,Kaasman,pkaasmanfd@ning.com,Male,CNY,Environmental Tech
555,Dinnie,Reymers,dreymersfe@timesonline.co.uk,Female,MXN,Account Representative III
556,Riannon,Brankley,rbrankleyff@marriott.com,Female,IDR,Environmental Tech
557,Montgomery,Gisburne,mgisburnefg@geocities.jp,Male,USD,GIS Technical Architect
558,Bink,Babe,bbabefh@paginegialle.it,Male,USD,Assistant Manager
559,Craig,Hulcoop,chulcoopfi@youku.com,Male,EUR,Speech Pathologist
560,Jacquette,Fulker,jfulkerfj@printfriendly.com,Female,CNY,Senior Sales Associate
561,Stuart,Lemery,slemeryfk@networkadvertising.org,Male,ARS,Environmental Tech
562,Darsey,Cregeen,dcregeenfl@hatena.ne.jp,Female,JPY,Nurse Practicioner
563,Walliw,Tevelov,wtevelovfm@reverbnation.com,Female,BRL,Pharmacist
564,Margarette,Tudbald,mtudbaldfn@msn.com,Female,NIO,Cost Accountant
565,Sue,Volleth,svollethfo@businessinsider.com,Polygender,CNY,Engineer I
566,Zuzana,Wynne,zwynnefp@drupal.org,Female,ZMW,Analog Circuit Design manager
567,Granville,Kee,gkeefq@redcross.org,Male,RUB,Software Engineer III
568,Janela,Vassar,jvassarfr@furl.net,Female,CNY,Recruiting Manager
569,Stavros,Short,sshortfs@sina.com.cn,Male,CNY,Sales Representative
570,Tibold,Yakebovich,tyakebovichft@yolasite.com,Male,CNY,Operator
571,Karissa,Zimek,kzimekfu@youtube.com,Female,CNY,Sales Representative
572,Elmer,Compson,ecompsonfv@hp.com,Male,BRL,Community Outreach Specialist
573,Torre,Daelman,tdaelmanfw@army.mil,Male,IDR,Senior Sales Associate
574,Donica,Todarello,dtodarellofx@tripod.com,Female,CZK,Senior Cost Accountant
575,Elspeth,Jeandin,ejeandinfy@pcworld.com,Female,CNY,Financial Analyst
576,Britni,Whytock,bwhytockfz@state.gov,Female,NZD,Design Engineer
577,Gertrud,Goadby,ggoadbyg0@list-manage.com,Female,BRL,Help Desk Technician
578,Alfy,Chinge de Hals,achingedehalsg1@cisco.com,Female,UYU,Associate Professor
579,Mischa,O'Gorman,mogormang2@multiply.com,Male,RUB,Account Executive
580,Matthieu,Burel,mburelg3@fotki.com,Male,PHP,Environmental Tech
581,Kay,Kubach,kkubachg4@toplist.cz,Female,ZAR,Registered Nurse
582,Willey,Ebbens,webbensg5@jiathis.com,Male,CAD,Clinical Specialist
583,Aubrette,Haitlie,ahaitlieg6@liveinternet.ru,Female,USD,Teacher
584,Killy,Rodder,krodderg7@answers.com,Male,UYU,Data Coordinator
585,Lalo,Blanpein,lblanpeing8@wikispaces.com,Male,CZK,Senior Quality Engineer
586,Gabriela,Dewdney,gdewdneyg9@vimeo.com,Female,CNY,Automation Specialist I
587,Homere,Cattlow,hcattlowga@purevolume.com,Male,IRR,VP Accounting
588,Pauly,Spencelayh,pspencelayhgb@webmd.com,Male,NGN,Senior Editor
589,Carolus,Odd,coddgc@1und1.de,Male,IDR,Director of Sales
590,Sascha,Glasman,sglasmangd@etsy.com,Male,USD,Quality Control Specialist
591,Mari,Cropper,mcropperge@digg.com,Genderqueer,AZN,Structural Engineer
592,Desi,Bukowski,dbukowskigf@sakura.ne.jp,Male,EUR,Account Representative II
593,Kurt,Gogerty,kgogertygg@photobucket.com,Male,EUR,Data Coordinator
594,Selena,Comer,scomergh@com.com,Female,CNY,Analog Circuit Design manager
595,Davidde,Noyce,dnoycegi@jigsy.com,Male,IDR,Nuclear Power Engineer
596,Euell,Joel,ejoelgj@yale.edu,Male,ARS,Recruiter
597,Nonnah,Gaunt,ngauntgk@china.com.cn,Female,CNY,Civil Engineer
598,Carmella,Mawdsley,cmawdsleygl@pinterest.com,Female,BRL,Staff Accountant IV
599,Wynnie,Lenoir,wlenoirgm@ocn.ne.jp,Female,NIO,Assistant Professor
600,Audie,Creer,acreergn@wsj.com,Female,EUR,Geologist III
601,Reinaldos,Romera,rromerago@flavors.me,Male,CNY,Geological Engineer
602,Marlowe,Blackie,mblackiegp@1688.com,Male,KZT,Librarian
603,Cointon,Reboulet,crebouletgq@so-net.ne.jp,Male,SEK,Clinical Specialist
604,Moina,Screach,mscreachgr@xing.com,Female,IDR,Graphic Designer
605,Kissie,Sweet,ksweetgs@blogspot.com,Female,MNT,Operator
606,Rice,Frarey,rfrareygt@google.cn,Male,LYD,General Manager
607,Emogene,Moutray Read,emoutrayreadgu@hao123.com,Non-binary,CNY,Analyst Programmer
608,Cathy,Dishman,cdishmangv@ox.ac.uk,Female,IDR,VP Accounting
609,Carena,Offord,coffordgw@yahoo.co.jp,Female,ARS,Biostatistician I
610,Marcel,Linkie,mlinkiegx@dion.ne.jp,Male,CNY,Research Nurse
611,Husain,Jacquest,hjacquestgy@google.pl,Male,IDR,Environmental Specialist
612,Lazaro,Cornelleau,lcornelleaugz@cocolog-nifty.com,Male,PHP,Help Desk Operator
613,Windham,Bilbee,wbilbeeh0@globo.com,Male,XOF,Senior Developer
614,Bondy,Yves,byvesh1@paginegialle.it,Male,RUB,Design Engineer
615,Roland,Yuryaev,ryuryaevh2@surveymonkey.com,Male,PHP,Database Administrator I
616,Charla,Martin,cmartinh3@usnews.com,Female,IDR,VP Accounting
617,Gladys,Vize,gvizeh4@nps.gov,Female,RUB,VP Quality Control
618,Teodoor,Christiensen,tchristiensenh5@amazon.com,Male,IDR,Staff Accountant III
619,Mandel,Marcinkowski,mmarcinkowskih6@163.com,Male,HNL,Teacher
620,Rickie,Arundale,rarundaleh7@slate.com,Male,PHP,Librarian
621,Ottilie,Beekman,obeekmanh8@ycombinator.com,Female,MXN,Sales Representative
622,Bronson,Cozzi,bcozzih9@apache.org,Male,CNY,General Manager
623,Nelia,Wank,nwankha@geocities.com,Polygender,KES,Dental Hygienist
624,Gigi,Drewes,gdreweshb@sciencedirect.com,Female,ILS,Paralegal
625,Danice,Foxwell,dfoxwellhc@imgur.com,Female,EUR,Environmental Tech
626,Devi,Goldstone,dgoldstonehd@amazon.co.uk,Female,EUR,Registered Nurse
627,Gilberto,Heathcoat,gheathcoathe@huffingtonpost.com,Male,CZK,Compensation Analyst
628,Rutherford,Cheers,rcheershf@economist.com,Male,IDR,Actuary
629,Win,Daniau,wdaniauhg@cornell.edu,Male,PHP,Computer Systems Analyst II
630,Gayelord,Piche,gpichehh@timesonline.co.uk,Male,USD,Product Engineer
631,Torrie,Ealam,tealamhi@angelfire.com,Female,MYR,Project Manager
632,Biron,Bridgett,bbridgetthj@answers.com,Male,IDR,Programmer Analyst I
633,Bron,Stairmand,bstairmandhk@theguardian.com,Male,RUB,Quality Control Specialist
634,Jaye,Carmichael,jcarmichaelhl@upenn.edu,Male,MKD,Quality Control Specialist
635,Thomasina,Deeves,tdeeveshm@jimdo.com,Female,USD,Structural Analysis Engineer
636,Trina,Messenbird,tmessenbirdhn@wisc.edu,Female,CNY,Environmental Tech
637,Geoffrey,Gaspar,ggasparho@mit.edu,Male,COP,Accountant IV
638,Ronna,Arnaez,rarnaezhp@cam.ac.uk,Female,BYR,Quality Engineer
639,Dag,Bath,dbathhq@ehow.com,Male,JPY,Community Outreach Specialist
640,Augie,Whybrow,awhybrowhr@godaddy.com,Male,ALL,Sales Associate
641,Corine,Farthin,cfarthinhs@e-recht24.de,Female,EUR,Statistician I
642,Peadar,Kinsell,pkinsellht@google.es,Agender,RUB,VP Marketing
643,Van,Bilt,vbilthu@google.co.uk,Female,IDR,Associate Professor
644,Cathlene,Dixey,cdixeyhv@foxnews.com,Female,IDR,Project Manager
645,Dale,Heigho,dheighohw@yellowbook.com,Genderqueer,THB,Compensation Analyst
646,Linet,Kerwood,lkerwoodhx@google.com.au,Bigender,IDR,Automation Specialist I
647,Annadiana,Brougham,abroughamhy@icq.com,Female,USD,Office Assistant II
648,Kayle,Vondrak,kvondrakhz@psu.edu,Female,CAD,Environmental Specialist
649,Rebe,Soanes,rsoanesi0@wiley.com,Female,NGN,Human Resources Assistant IV
650,Annecorinne,Lassen,alasseni1@ebay.co.uk,Female,PHP,Structural Engineer
651,Correy,Tabary,ctabaryi2@ucoz.com,Female,CNY,GIS Technical Architect
652,Andra,Ivashin,aivashini3@com.com,Female,SEK,Database Administrator I
653,Rosalynd,Ketts,rkettsi4@reverbnation.com,Female,NGN,Health Coach IV
654,Liz,Gorgen,lgorgeni5@jigsy.com,Female,JPY,Programmer I
655,Nilson,Miguet,nmigueti6@cnn.com,Male,EUR,Structural Engineer
656,Krispin,Vickery,kvickeryi7@fema.gov,Male,SYP,Budget/Accounting Analyst II
657,Aeriell,De Michetti,ademichettii8@comsenz.com,Genderfluid,MAD,Senior Cost Accountant
658,Evan,McDool,emcdooli9@amazon.co.uk,Male,AFN,Account Executive
659,Ashbey,Beahan,abeahania@altervista.org,Male,EUR,Web Developer I
660,Marcello,Hayhow,mhayhowib@addtoany.com,Male,PHP,Desktop Support Technician
661,Kenyon,Jaqueminet,kjaqueminetic@miitbeian.gov.cn,Male,JPY,Graphic Designer
662,Normie,Scates,nscatesid@boston.com,Male,DOP,Technical Writer
663,Michale,Luckie,mluckieie@miitbeian.gov.cn,Male,SEK,Mechanical Systems Engineer
664,Farrell,Jendricke,fjendrickeif@weibo.com,Male,CNY,Marketing Assistant
665,Rodge,Trevino,rtrevinoig@illinois.edu,Male,SEK,Internal Auditor
666,Devinne,Sneyd,dsneydih@patch.com,Female,NOK,VP Quality Control
667,Drusy,McIndoe,dmcindoeii@omniture.com,Bigender,EUR,Analog Circuit Design manager
668,Margi,Cathel,mcathelij@cdbaby.com,Agender,SYP,Accounting Assistant III
669,Bunnie,Skeat,bskeatik@businessweek.com,Female,PLN,Director of Sales
670,Pier,Pley,ppleyil@flickr.com,Female,CNY,Structural Engineer
671,Fallon,Ranger,frangerim@japanpost.jp,Female,IDR,Information Systems Manager
672,Steward,Brandacci,sbrandacciin@ning.com,Male,CNY,Marketing Assistant
673,Heriberto,Twittey,htwitteyio@myspace.com,Agender,MDL,Software Consultant
674,Marla,Benallack,mbenallackip@merriam-webster.com,Female,PHP,Quality Engineer
675,Ingrim,Sherbrook,isherbrookiq@taobao.com,Male,EUR,Software Consultant
676,Rozalin,Lovejoy,rlovejoyir@hud.gov,Female,EUR,Teacher
677,Anjanette,Harbison,aharbisonis@ning.com,Female,BRL,Account Coordinator
678,Cullie,Danilewicz,cdanilewiczit@redcross.org,Male,PEN,Librarian
679,Daryl,de Pinna,ddepinnaiu@edublogs.org,Male,CNY,Pharmacist
680,Nyssa,Eburne,neburneiv@google.fr,Female,PHP,Professor
681,Cass,Dufore,cduforeiw@aol.com,Male,IDR,Community Outreach Specialist
682,Brittan,Geany,bgeanyix@devhub.com,Female,ETB,Cost Accountant
683,Jud,Nesey,jneseyiy@buzzfeed.com,Male,CNY,Research Assistant I
684,Marta,Lulham,mlulhamiz@japanpost.jp,Female,SYP,Developer I
685,Jameson,Alpes,jalpesj0@macromedia.com,Male,BRL,Physical Therapy Assistant
686,Melania,Casetta,mcasettaj1@fastcompany.com,Female,CNY,Administrative Assistant II
687,Nolan,Hulk,nhulkj2@gnu.org,Male,PHP,Sales Representative
688,Ethelyn,Callum,ecallumj3@istockphoto.com,Female,UZS,Nurse
689,Chrystel,Spencley,cspencleyj4@stumbleupon.com,Female,CNY,Cost Accountant
690,Garey,Norster,gnorsterj5@princeton.edu,Male,CNY,VP Sales
691,Arlana,Fedynski,afedynskij6@gnu.org,Female,AFN,Safety Technician III
692,Norry,Lamacraft,nlamacraftj7@xrea.com,Female,EUR,Project Manager
693,Edin,Chittey,echitteyj8@networkadvertising.org,Female,EUR,Health Coach III
694,Katrina,Hauch,khauchj9@qq.com,Female,EUR,Assistant Manager
695,See,Okell,sokellja@facebook.com,Male,IDR,Payment Adjustment Coordinator
696,Lyman,Loweth,llowethjb@jigsy.com,Male,CAD,Account Representative II
697,Aldwin,McGeouch,amcgeouchjc@dailymail.co.uk,Male,CNY,Product Engineer
698,Ameline,Grombridge,agrombridgejd@miibeian.gov.cn,Female,USD,Structural Engineer
699,Zachariah,Bankes,zbankesje@phpbb.com,Male,CNY,Community Outreach Specialist
700,Lek,Grigorkin,lgrigorkinjf@gov.uk,Polygender,CNY,Dental Hygienist
701,Guthrey,Bracco,gbraccojg@blogger.com,Male,CNY,Paralegal
702,Hiram,Mackro,hmackrojh@nbcnews.com,Male,CNY,VP Accounting
703,Andriette,Carrabott,acarrabottji@weebly.com,Female,CNY,Office Assistant I
704,Ebony,Pavolini,epavolinijj@jalbum.net,Female,CNY,Information Systems Manager
705,Page,Gorgler,pgorglerjk@behance.net,Male,CNY,Help Desk Operator
706,Catriona,O'Hara,coharajl@google.ca,Female,CNY,Biostatistician II
707,Robers,Werrilow,rwerrilowjm@google.co.jp,Bigender,PAB,Database Administrator II
708,Kiah,Trenfield,ktrenfieldjn@state.tx.us,Female,PLN,Operator
709,Julee,Deakes,jdeakesjo@amazon.com,Female,CNY,Environmental Tech
710,Hammad,Stearne,hstearnejp@ibm.com,Male,RUB,Media Manager II
711,Roderigo,Simister,rsimisterjq@networkadvertising.org,Male,IDR,Internal Auditor
712,Mickie,Glanvill,mglanvilljr@admin.ch,Female,PEN,Sales Representative
713,Cole,Woolfitt,cwoolfittjs@ucoz.ru,Male,EUR,Director of Sales
714,Kessiah,Walster,kwalsterjt@macromedia.com,Female,SEK,Community Outreach Specialist
715,Garwood,Davers,gdaversju@uiuc.edu,Male,UAH,Research Assistant I
716,Taddeusz,Mudge,tmudgejv@lulu.com,Male,CNY,Compensation Analyst
717,Vernen,Tomaszkiewicz,vtomaszkiewiczjw@cloudflare.com,Male,EUR,Senior Financial Analyst
718,Simmonds,Marriot,smarriotjx@bluehost.com,Male,CNY,Director of Sales
719,Gianina,Avesque,gavesquejy@facebook.com,Female,MYR,Business Systems Development Analyst
720,Kary,Utridge,kutridgejz@home.pl,Female,BRL,Project Manager
721,Shelagh,Bausor,sbausork0@trellian.com,Female,CAD,Financial Advisor
722,Annetta,Plumb,aplumbk1@taobao.com,Female,CNY,Human Resources Assistant IV
723,Bret,Slamaker,bslamakerk2@sourceforge.net,Male,CNY,VP Accounting
724,Madelyn,Shoute,mshoutek3@bbc.co.uk,Female,BRL,Editor
725,Orlan,Somerscales,osomerscalesk4@europa.eu,Male,AFN,Software Engineer III
726,Welby,Marval,wmarvalk5@si.edu,Male,PAB,Research Nurse
727,Ephrem,Rennebach,erennebachk6@booking.com,Male,CNY,Compensation Analyst
728,Sunshine,Gamell,sgamellk7@g.co,Female,NGN,Registered Nurse
729,Pate,Aberdeen,paberdeenk8@lulu.com,Male,PKR,Software Test Engineer I
730,Wernher,Bielefeld,wbielefeldk9@ow.ly,Male,PLN,Analog Circuit Design manager
731,Gavrielle,Lampard,glampardka@cbsnews.com,Female,PEN,Community Outreach Specialist
732,Pinchas,Tanguy,ptanguykb@mashable.com,Male,BRL,Automation Specialist I
733,Nataniel,Gronav,ngronavkc@cisco.com,Male,ZAR,Software Engineer I
734,Toddie,Trye,ttryekd@independent.co.uk,Male,CNY,Registered Nurse
735,Malynda,Nockles,mnockleske@free.fr,Female,PLN,Financial Advisor
736,Hayyim,Rittelmeyer,hrittelmeyerkf@opensource.org,Agender,KMF,Assistant Manager
737,Colman,Gillings,cgillingskg@dailymotion.com,Male,NGN,Senior Financial Analyst
738,Uriah,Gilardoni,ugilardonikh@tamu.edu,Male,JPY,VP Sales
739,Sabine,Berthelet,sbertheletki@about.com,Female,PLN,Compensation Analyst
740,Griffith,Canniffe,gcanniffekj@alexa.com,Polygender,PLN,Senior Sales Associate
741,Dorri,Bayless,dbaylesskk@squidoo.com,Female,PLN,Nurse
742,Erena,Dymoke,edymokekl@instagram.com,Female,IDR,Marketing Manager
743,Justis,Bartrap,jbartrapkm@topsy.com,Male,PLN,Quality Control Specialist
744,Fabian,Cutford,fcutfordkn@mapquest.com,Male,CRC,Computer Systems Analyst IV
745,Faith,Raffels,fraffelsko@webmd.com,Female,EUR,Director of Sales
746,Durward,Cockings,dcockingskp@boston.com,Non-binary,RUB,Programmer II
747,Lemmy,Godfroy,lgodfroykq@qq.com,Male,NPR,Administrative Officer
748,Cleveland,Singh,csinghkr@google.es,Genderfluid,EGP,Automation Specialist IV
749,Connie,Frantzeni,cfrantzeniks@goodreads.com,Male,VND,Legal Assistant
750,Melessa,Sex,msexkt@acquirethisname.com,Female,ALL,Analog Circuit Design manager
751,Monah,Pepperrall,mpepperrallku@slashdot.org,Female,IDR,VP Product Management
752,Lenci,Coales,lcoaleskv@huffingtonpost.com,Male,XAF,Administrative Officer
753,Todd,Edlestone,tedlestonekw@stumbleupon.com,Genderqueer,COP,Programmer Analyst II
754,Townie,Dower,tdowerkx@weebly.com,Male,CNY,Marketing Manager
755,Margery,Younie,myounieky@si.edu,Female,KPW,Desktop Support Technician
756,Davide,Waplington,dwaplingtonkz@google.co.uk,Male,BRL,Administrative Officer
757,Reynolds,Pedler,rpedlerl0@lulu.com,Male,PHP,Internal Auditor
758,Hally,Michallat,hmichallatl1@usnews.com,Female,IDR,Junior Executive
759,Ranee,Meffen,rmeffenl2@flavors.me,Female,HRK,Engineer III
760,Cosette,Brouncker,cbrounckerl3@netvibes.com,Genderqueer,IDR,Internal Auditor
761,Nickolas,Eastope,neastopel4@networkadvertising.org,Male,AFN,Compensation Analyst
762,Clementine,Upcott,cupcottl5@about.com,Female,USD,Editor
763,Giuseppe,Heasman,gheasmanl6@bloglovin.com,Male,RUB,Engineer I
764,Darci,Sellars,dsellarsl7@unblog.fr,Female,SYP,Geological Engineer
765,Dorita,Yearsley,dyearsleyl8@lulu.com,Female,VEF,Recruiting Manager
766,Berkie,Novotna,bnovotnal9@technorati.com,Male,EUR,Nurse
767,Viviana,Guice,vguicela@github.io,Female,CNY,Human Resources Manager
768,Elie,Rachuig,erachuiglb@microsoft.com,Female,GTQ,Accounting Assistant IV
769,Louisette,Mighele,lmighelelc@hp.com,Female,UYU,Internal Auditor
770,Casper,Pomfret,cpomfretld@intel.com,Male,CUP,Cost Accountant
771,Bentley,Cosham,bcoshamle@ezinearticles.com,Male,MAD,Web Developer II
772,Keefe,Culross,kculrosslf@trellian.com,Male,CNY,Sales Associate
773,Erina,Ingman,eingmanlg@netscape.com,Female,IDR,Physical Therapy Assistant
774,Tamqrah,Gonning,tgonninglh@ifeng.com,Female,PHP,Business Systems Development Analyst
775,Kimmie,Smedmore,ksmedmoreli@ning.com,Female,THB,Food Chemist
776,Baxy,Worters,bworterslj@reddit.com,Genderfluid,CNY,Project Manager
777,Renee,McMillian,rmcmillianlk@google.nl,Female,GTQ,Structural Engineer
778,Petronille,Cummungs,pcummungsll@ebay.co.uk,Female,RUB,Librarian
779,Emera,Farens,efarenslm@hhs.gov,Female,IRR,VP Product Management
780,Cassey,Berthe,cbertheln@cnet.com,Female,EUR,Associate Professor
781,Kale,Sandal,ksandallo@skyrock.com,Male,BRL,Information Systems Manager
782,Kacy,Salomon,ksalomonlp@scribd.com,Non-binary,EUR,Cost Accountant
783,Viola,Brisset,vbrissetlq@cocolog-nifty.com,Bigender,USD,Food Chemist
784,Sara-ann,Chree,schreelr@sciencedaily.com,Agender,PKR,Desktop Support Technician
785,Sam,Terram,sterramls@skyrock.com,Male,USD,Administrative Officer
786,Basilius,Tupper,btupperlt@godaddy.com,Male,UAH,Senior Quality Engineer
787,Ulick,Dalinder,udalinderlu@github.com,Male,ALL,Media Manager III
788,Felike,Scheffler,fschefflerlv@youku.com,Male,SEK,Nurse Practicioner
789,Earl,Garnar,egarnarlw@cmu.edu,Male,EUR,Nurse
790,Fairlie,Abramsky,fabramskylx@yolasite.com,Male,BRL,Developer IV
791,Maurine,Baudrey,mbaudreyly@adobe.com,Female,ZAR,Tax Accountant
792,Donna,Thaller,dthallerlz@w3.org,Female,CNY,Sales Associate
793,Sammy,Hempel,shempelm0@ask.com,Female,PHP,Assistant Media Planner
794,Shayla,Truckett,struckettm1@twitter.com,Female,CNY,Account Executive
795,Lanita,Ribeiro,lribeirom2@yellowbook.com,Bigender,AZN,Structural Engineer
796,Brett,Troyes,btroyesm3@forbes.com,Female,IDR,Senior Developer
797,Rosamond,Purselow,rpurselowm4@amazon.de,Female,CNY,Programmer Analyst II
798,Ola,Ceschelli,oceschellim5@odnoklassniki.ru,Female,PYG,Senior Developer
799,Balduin,Partkya,bpartkyam6@tmall.com,Male,MMK,Recruiting Manager
800,Carney,Bexley,cbexleym7@indiatimes.com,Male,PHP,Marketing Manager
801,Jude,Longland,jlonglandm8@creativecommons.org,Male,AUD,Civil Engineer
802,Berton,Yaakov,byaakovm9@nasa.gov,Male,COP,Help Desk Operator
803,Maje,Cronchey,mcroncheyma@theglobeandmail.com,Male,SEK,Social Worker
804,Issy,Dewan,idewanmb@hostgator.com,Female,KPW,VP Marketing
805,Osmond,Ennals,oennalsmc@nih.gov,Male,SSP,Electrical Engineer
806,Juliann,Reddin,jreddinmd@archive.org,Female,AMD,Geological Engineer
807,Godfree,Greensall,ggreensallme@addthis.com,Male,CZK,Social Worker
808,Hazel,McNirlan,hmcnirlanmf@usnews.com,Female,AFN,Physical Therapy Assistant
809,Janina,Locker,jlockermg@fc2.com,Female,XAF,Assistant Media Planner
810,Skelly,McIlvoray,smcilvoraymh@ca.gov,Male,CNY,Geologist I
811,Ruben,Milbourn,rmilbournmi@army.mil,Polygender,CNY,Account Executive
812,Flossy,Broomer,fbroomermj@canalblog.com,Female,YER,Developer II
813,Hildy,Cupitt,hcupittmk@sakura.ne.jp,Female,BYR,Recruiting Manager
814,Kylila,Arnfield,karnfieldml@nasa.gov,Female,USD,Research Nurse
815,Kariotta,Pennycock,kpennycockmm@vkontakte.ru,Female,BRL,Junior Executive
816,Ronny,Derrick,rderrickmn@shutterfly.com,Female,NGN,Office Assistant I
817,Sanford,Goodge,sgoodgemo@behance.net,Male,CNY,Operator
818,Adrea,Hadgraft,ahadgraftmp@mapquest.com,Female,EUR,Senior Quality Engineer
819,Derrek,Hekkert,dhekkertmq@who.int,Male,ARS,Speech Pathologist
820,Meghan,Georgel,mgeorgelmr@illinois.edu,Female,ILS,Systems Administrator II
821,Linnet,Verriour,lverriourms@berkeley.edu,Female,SAR,Analyst Programmer
822,Ninnette,Laskey,nlaskeymt@unicef.org,Female,PLN,Mechanical Systems Engineer
823,Kaylyn,Foxworthy,kfoxworthymu@boston.com,Female,BRL,Nuclear Power Engineer
824,Giovanni,Deyes,gdeyesmv@themeforest.net,Male,MAD,Systems Administrator IV
825,Lombard,Charleston,lcharlestonmw@networkadvertising.org,Male,AFN,Actuary
826,Wallis,Pruckner,wprucknermx@msu.edu,Female,VND,Senior Financial Analyst
827,Elton,Kaszper,ekaszpermy@sitemeter.com,Male,EUR,Senior Editor
828,Tamarah,Rispin,trispinmz@desdev.cn,Female,PHP,Graphic Designer
829,Jolynn,Entwistle,jentwistlen0@ning.com,Non-binary,CNY,Developer I
830,Joice,Wield,jwieldn1@friendfeed.com,Genderfluid,EUR,Systems Administrator I
831,Adrienne,Dain,adainn2@soundcloud.com,Female,IDR,Senior Sales Associate
832,Kayla,Wishart,kwishartn3@toplist.cz,Female,BRL,Teacher
833,Sebastian,Cabbell,scabbelln4@1und1.de,Male,HRK,Mechanical Systems Engineer
834,Cully,Carnilian,ccarniliann5@mtv.com,Male,COP,Analyst Programmer
835,Verine,Pyford,vpyfordn6@youku.com,Non-binary,EUR,Account Coordinator
836,Peggie,Peckham,ppeckhamn7@pagesperso-orange.fr,Female,PLN,Software Engineer IV
837,Mercedes,Sentinella,msentinellan8@fotki.com,Female,PLN,Senior Editor
838,Dennie,Hedditch,dhedditchn9@zimbio.com,Male,EUR,Web Developer III
839,Reinhold,Golde,rgoldena@wikia.com,Male,IDR,VP Marketing
840,Oliver,Aluard,oaluardnb@cafepress.com,Male,TJS,Teacher
841,Nissie,Glancey,nglanceync@cnet.com,Female,CAD,Engineer IV
842,Anastasia,Furlonge,afurlongend@cnbc.com,Female,CZK,Health Coach I
843,Elke,Clawsley,eclawsleyne@ifeng.com,Female,EUR,Product Engineer
844,Stephanie,Eannetta,seannettanf@feedburner.com,Female,CNY,Senior Editor
845,Nerta,Babar,nbabarng@webs.com,Female,PEN,Account Executive
846,Nels,Olorenshaw,nolorenshawnh@tiny.cc,Male,UAH,Electrical Engineer
847,Pamela,Ninnotti,pninnottini@joomla.org,Female,BRL,Account Coordinator
848,Ted,Clineck,tclinecknj@usgs.gov,Female,CNY,Teacher
849,Harlen,Siene,hsienenk@newsvine.com,Male,EUR,Biostatistician II
850,Inessa,Tizzard,itizzardnl@nbcnews.com,Female,IDR,Software Consultant
851,Darla,Somerfield,dsomerfieldnm@dailymotion.com,Female,PHP,Product Engineer
852,Ange,Bradnocke,abradnockenn@adobe.com,Male,CNY,Tax Accountant
853,Elga,Greenhill,egreenhillno@yellowbook.com,Female,USD,Help Desk Operator
854,Valentine,Bosch,vboschnp@geocities.jp,Female,ARS,Assistant Manager
855,Brynna,McQuilliam,bmcquilliamnq@hostgator.com,Female,KHR,Civil Engineer
856,Catlaina,Gomer,cgomernr@netlog.com,Female,EUR,Librarian
857,Noble,Topping,ntoppingns@baidu.com,Male,TND,Statistician IV
858,Ondrea,Molloy,omolloynt@businessinsider.com,Female,UAH,Research Nurse
859,Paige,Gallehock,pgallehocknu@youtu.be,Male,IDR,Environmental Specialist
860,Ford,Maypother,fmaypothernv@hibu.com,Male,PAB,Payment Adjustment Coordinator
861,Rayner,Coode,rcoodenw@cafepress.com,Male,PLN,Account Executive
862,Alasdair,Boome,aboomenx@smugmug.com,Male,IDR,Budget/Accounting Analyst III
863,Hillery,Clive,hcliveny@g.co,Male,EUR,Human Resources Assistant I
864,Filide,Gully,fgullynz@nasa.gov,Non-binary,CNY,Registered Nurse
865,Isidor,Woolley,iwoolleyo0@salon.com,Male,PEN,VP Marketing
866,Sallee,Dimitrov,sdimitrovo1@nationalgeographic.com,Female,CNY,Tax Accountant
867,Townie,Carlens,tcarlenso2@google.com,Male,KZT,Biostatistician IV
868,Merna,Cervantes,mcervanteso3@imageshack.us,Female,UZS,Electrical Engineer
869,Raynor,Duham,rduhamo4@moonfruit.com,Male,EUR,Nurse
870,Vida,Bly,vblyo5@ibm.com,Female,RUB,Senior Sales Associate
871,Charlena,Gutch,cgutcho6@multiply.com,Female,BRL,Payment Adjustment Coordinator
872,Rubi,Labet,rlabeto7@discovery.com,Female,EUR,Actuary
873,Dacie,Bolte,dbolteo8@jimdo.com,Female,EUR,Help Desk Technician
874,Niles,Branscomb,nbranscombo9@howstuffworks.com,Male,SEK,VP Accounting
875,Edgard,Estick,eestickoa@furl.net,Male,PLN,Business Systems Development Analyst
876,Fran,Warburton,fwarburtonob@cornell.edu,Male,LBP,GIS Technical Architect
877,Ogdan,Nottram,onottramoc@uiuc.edu,Male,EUR,Payment Adjustment Coordinator
878,Ula,Stormont,ustormontod@printfriendly.com,Bigender,SYP,Nuclear Power Engineer
879,Rowney,Bagshawe,rbagshaweoe@bigcartel.com,Male,CNY,Staff Scientist
880,Alena,Oakly,aoaklyof@bbc.co.uk,Female,EUR,Clinical Specialist
881,Lisa,Haggar,lhaggarog@go.com,Female,IDR,Cost Accountant
882,Clim,Kingsnorth,ckingsnorthoh@marriott.com,Male,CNY,Analog Circuit Design manager
883,Windy,Uppett,wuppettoi@so-net.ne.jp,Female,EUR,Senior Sales Associate
884,Olvan,McSporon,omcsporonoj@loc.gov,Male,PHP,Dental Hygienist
885,Kristal,Kleinmann,kkleinmannok@google.com.hk,Female,EUR,Compensation Analyst
886,Quill,Cromarty,qcromartyol@google.es,Male,IDR,Software Engineer I
887,Cale,Boulger,cboulgerom@nbcnews.com,Polygender,JPY,Social Worker
888,Brandtr,Reddin,breddinon@craigslist.org,Male,IDR,Web Designer II
889,Violante,Mantram,vmantramoo@g.co,Female,PHP,General Manager
890,Amerigo,Kubista,akubistaop@newyorker.com,Male,CNY,Administrative Officer
891,Haleigh,Bernollet,hbernolletoq@princeton.edu,Agender,CNY,Office Assistant IV
892,Lorettalorna,Blyde,lblydeor@odnoklassniki.ru,Female,USD,Social Worker
893,Derril,Chatenet,dchatenetos@163.com,Male,CNY,Physical Therapy Assistant
894,Elayne,Fehner,efehnerot@sciencedaily.com,Female,USD,Media Manager III
895,Siffre,Frisdick,sfrisdickou@oakley.com,Male,PLN,Statistician III
896,Cirillo,Worsley,cworsleyov@eventbrite.com,Male,IDR,Mechanical Systems Engineer
897,Humfried,Yeiles,hyeilesow@e-recht24.de,Male,BAM,Environmental Tech
898,Tibold,Falvey,tfalveyox@oaic.gov.au,Male,PLN,Technical Writer
899,Pippa,Taffe,ptaffeoy@123-reg.co.uk,Female,CNY,Operator
900,Parry,Clymer,pclymeroz@whitehouse.gov,Male,IDR,Financial Advisor
901,Roarke,Lipyeat,rlipyeatp0@linkedin.com,Male,GNF,Quality Engineer
902,Maighdiln,Grigsby,mgrigsbyp1@tamu.edu,Female,PHP,Account Coordinator
903,Catherine,Ambroziak,cambroziakp2@yandex.ru,Female,CNY,Account Coordinator
904,Gonzales,Casey,gcaseyp3@networksolutions.com,Male,PHP,Compensation Analyst
905,Donal,Mundy,dmundyp4@friendfeed.com,Male,THB,Analog Circuit Design manager
906,Alphonso,Cicero,acicerop5@columbia.edu,Male,IDR,Information Systems Manager
907,Pincus,Murkus,pmurkusp6@photobucket.com,Male,PLN,VP Sales
908,Alberto,FitzGeorge,afitzgeorgep7@uiuc.edu,Male,PLN,Account Executive
909,Hansiain,Dalley,hdalleyp8@bigcartel.com,Male,VND,Senior Quality Engineer
910,Dorrie,Harmson,dharmsonp9@comsenz.com,Polygender,SEK,Sales Associate
911,Jamal,Itskovitz,jitskovitzpa@github.io,Agender,EUR,Director of Sales
912,Glenna,Habert,ghabertpb@abc.net.au,Female,XPF,Clinical Specialist
913,Crawford,Grumell,cgrumellpc@yahoo.com,Male,CNY,Staff Scientist
914,Killy,Nanelli,knanellipd@yandex.ru,Male,CNY,Accountant III
915,Bartolemo,Tivers,btiverspe@sfgate.com,Male,CNY,Engineer I
916,Sophia,McGuane,smcguanepf@ovh.net,Female,ARS,VP Quality Control
917,Berty,Strickett,bstrickettpg@wikispaces.com,Male,USD,Accountant I
918,Ruthi,Bircher,rbircherph@goo.ne.jp,Female,PHP,Project Manager
919,Carmela,Hamshar,chamsharpi@yellowpages.com,Female,IDR,Librarian
920,Shaina,Torr,storrpj@ibm.com,Bigender,CNY,Account Coordinator
921,Kaiser,Pryde,kprydepk@naver.com,Male,EGP,Data Coordinator
922,Shawna,Pol,spolpl@ebay.com,Female,CNY,Software Consultant
923,Maria,Grannell,mgrannellpm@abc.net.au,Bigender,TTD,Physical Therapy Assistant
924,Bryanty,Elias,beliaspn@pcworld.com,Male,RUB,Business Systems Development Analyst
925,Langsdon,Manclark,lmanclarkpo@lulu.com,Male,PLN,Quality Control Specialist
926,Aldon,Maggill'Andreis,amaggillandreispp@mayoclinic.com,Male,CAD,Mechanical Systems Engineer
927,Renata,McTurk,rmcturkpq@naver.com,Female,IRR,Community Outreach Specialist
928,Junina,Burke,jburkepr@barnesandnoble.com,Female,RUB,Staff Accountant II
929,Hettie,Petheridge,hpetheridgeps@google.com.au,Polygender,EUR,Librarian
930,Milzie,Pandey,mpandeypt@wikipedia.org,Female,CNY,Executive Secretary
931,Batsheva,Stratford,bstratfordpu@51.la,Female,CNY,Quality Engineer
932,Kaia,Downes,kdownespv@about.me,Female,EUR,Assistant Media Planner
933,Alan,Onraet,aonraetpw@apache.org,Male,CNY,Software Consultant
934,Olvan,Byrch,obyrchpx@stanford.edu,Male,BRL,Nurse
935,Isiahi,Greig,igreigpy@hao123.com,Male,CNY,Tax Accountant
936,Evelyn,Jocelyn,ejocelynpz@typepad.com,Male,IDR,Budget/Accounting Analyst III
937,Earvin,Perelli,eperelliq0@uiuc.edu,Male,GTQ,Accountant I
938,Hardy,Tomkiss,htomkissq1@linkedin.com,Genderqueer,ALL,Information Systems Manager
939,Stevena,Bolens,sbolensq2@sun.com,Female,LBP,Human Resources Manager
940,Sheila,Pattullo,spattulloq3@furl.net,Female,VEF,Chief Design Engineer
941,Bernadina,Antyshev,bantyshevq4@1und1.de,Female,IDR,Administrative Assistant III
942,Orlan,Grigaut,ogrigautq5@netlog.com,Male,CAD,Graphic Designer
943,Dallas,Fallows,dfallowsq6@mac.com,Female,YER,Associate Professor
944,Joyann,Popple,jpoppleq7@geocities.com,Female,RUB,Administrative Assistant IV
945,Kristos,Paulsen,kpaulsenq8@vinaora.com,Male,AFN,Automation Specialist III
946,Candi,Fancourt,cfancourtq9@spotify.com,Female,CNY,Geologist IV
947,Ebeneser,Fullard,efullardqa@dedecms.com,Male,PAB,Health Coach I
948,Belinda,Van den Broek,bvandenbroekqb@tripadvisor.com,Female,CZK,Web Designer IV
949,Marthe,McEvay,mmcevayqc@epa.gov,Female,CNY,Computer Systems Analyst II
950,Erskine,L'argent,elargentqd@slate.com,Male,PEN,VP Marketing
951,Farrel,Mauchlen,fmauchlenqe@soup.io,Male,CNY,Account Executive
952,Boyd,Beckinsall,bbeckinsallqf@qq.com,Male,CNY,Senior Cost Accountant
953,Leah,Haydock,lhaydockqg@youku.com,Female,PEN,Assistant Manager
954,Sharline,Paoli,spaoliqh@huffingtonpost.com,Female,PLN,Developer II
955,Luis,Jarvie,ljarvieqi@shinystat.com,Male,EUR,Software Engineer II
956,Elizabet,Martinez,emartinezqj@time.com,Female,MAD,Administrative Officer
957,Krystal,Sone,ksoneqk@edublogs.org,Bigender,PLN,Analog Circuit Design manager
958,Meagan,Betterton,mbettertonql@virginia.edu,Female,THB,Legal Assistant
959,Perle,Glenwright,pglenwrightqm@nytimes.com,Female,CNY,Environmental Specialist
960,Jeffy,Duggon,jduggonqn@ox.ac.uk,Male,GMD,Dental Hygienist
961,Bibbye,Crews,bcrewsqo@businesswire.com,Female,CNY,Structural Analysis Engineer
962,Barton,Bottelstone,bbottelstoneqp@dot.gov,Polygender,SEK,Accounting Assistant I
963,Walker,Melonby,wmelonbyqq@cbslocal.com,Male,PHP,Geologist III
964,Roz,Raigatt,rraigattqr@state.tx.us,Female,PHP,Software Consultant
965,Lexie,Grahl,lgrahlqs@istockphoto.com,Female,CNY,Occupational Therapist
966,Essa,Francesco,efrancescoqt@usatoday.com,Female,CNY,Software Test Engineer II
967,Manolo,Stempe,mstempequ@census.gov,Male,CNY,Help Desk Technician
968,Rance,Bowden,rbowdenqv@123-reg.co.uk,Male,PHP,Tax Accountant
969,Michaella,Tomkowicz,mtomkowiczqw@phpbb.com,Female,RUB,Software Consultant
970,Dael,Ivanov,divanovqx@photobucket.com,Male,MAD,Assistant Media Planner
971,Noel,Baynton,nbayntonqy@tripadvisor.com,Female,ALL,Sales Representative
972,Marlon,Melsome,mmelsomeqz@google.com.br,Male,EUR,Technical Writer
973,Lind,Galilee,lgalileer0@webeden.co.uk,Male,MNT,Graphic Designer
974,Pia,Filon,pfilonr1@paypal.com,Female,SEK,Structural Analysis Engineer
975,Frederigo,Spohrmann,fspohrmannr2@sciencedaily.com,Male,BRL,Design Engineer
976,Benjamin,Heyfield,bheyfieldr3@amazon.co.uk,Male,RUB,General Manager
977,Lucille,McCambrois,lmccambroisr4@yelp.com,Female,CAD,Help Desk Operator
978,Jock,Noriega,jnoriegar5@hostgator.com,Male,NGN,Compensation Analyst
979,Lanae,Filewood,lfilewoodr6@networksolutions.com,Female,ETB,Executive Secretary
980,Derk,Burkill,dburkillr7@cpanel.net,Male,JPY,Graphic Designer
981,Dela,Gallehawk,dgallehawkr8@skyrock.com,Genderfluid,CNY,Occupational Therapist
982,Pandora,Schwaiger,pschwaigerr9@craigslist.org,Female,RUB,Structural Engineer
983,Leslie,Phillott,lphillottra@purevolume.com,Male,PHP,Assistant Professor
984,Fancy,Spoure,fspourerb@wikimedia.org,Female,JPY,Accounting Assistant I
985,Marsh,Astle,mastlerc@nhs.uk,Male,USD,Geological Engineer
986,Avril,Courcey,acourceyrd@disqus.com,Female,SEK,Occupational Therapist
987,Antin,Plomer,aplomerre@4shared.com,Male,BRL,Community Outreach Specialist
988,Deck,Ringsell,dringsellrf@163.com,Male,CNY,Operator
989,Lezlie,Wines,lwinesrg@creativecommons.org,Female,EUR,Design Engineer
990,Ashli,Clunan,aclunanrh@tinypic.com,Female,CNY,VP Sales
991,Charlot,Anglim,canglimri@sourceforge.net,Female,CNY,Business Systems Development Analyst
992,Brittni,Rubbert,brubbertrj@pinterest.com,Female,THB,Geologist III
993,Lotti,Phittiplace,lphittiplacerk@mashable.com,Female,UAH,Sales Representative
994,Elvis,Genner,egennerrl@ca.gov,Male,UAH,Budget/Accounting Analyst IV
995,Morry,Matijasevic,mmatijasevicrm@springer.com,Male,SEK,Teacher
996,Chic,Dudill,cdudillrn@barnesandnoble.com,Genderqueer,PLN,Administrative Assistant II
997,Theodora,Tamblyn,ttamblynro@boston.com,Female,IDR,Marketing Assistant
998,Frederico,Youdell,fyoudellrp@harvard.edu,Male,CNY,Tax Accountant
999,Maddy,Pietruschka,mpietruschkarq@wordpress.org,Male,USD,Quality Engineer
1000,Ellswerth,Turbard,eturbardrr@scientificamerican.com,Male,CNY,Chief Design Engineer
